Feature,Chi-Square Statistic,P-Value,Significant?
first_crash_type,26251.34,0.0,Yes
trafficway_type,1474.37,1.5256029688140168e-302,Yes
traffic_control_device,314.93,9.245320989086405e-57,Yes
lighting_condition,259.62,5.507068944961933e-55,Yes
roadway_surface_cond,185.84,3.028241635318234e-38,Yes
weather_condition,114.76,5.825822853255284e-20,Yes
road_defect,47.42,4.661016867389996e-09,Yes
alignment,21.24,0.0007281482321688674,Yes
