Feature,Chi-Square Statistic,P-Value,Significant?
first_crash_type,27787.07,0.0,Yes
trafficway_type,1516.65,1.199788220141736e-295,Yes
traffic_control_device,398.78,8.265326574419157e-64,Yes
lighting_condition,309.18,4.5669585884182395e-62,Yes
roadway_surface_cond,205.54,1.1284562213518375e-38,Yes
weather_condition,142.52,1.6790743858997666e-20,Yes
road_defect,59.33,4.8430768342207726e-09,Yes
alignment,23.66,0.008547912605834323,Yes
